Test Number,Compression Level,No. Tests,Accuracy

0,90,30,11.3186
1,89,30,12.0808
2,88,30,5.8239
3,87,30,6.82837
4,86,30,4.47427
5,85,30,9.18131
6,84,30,2.7839
7,83,30,5.89956
8,82,30,4.91083
9,81,30,8.06336
