Test Number,Compression Level,No. Tests,Accuracy

0,70,30,0.853527
1,69,30,3.68118
2,68,30,1.87226
3,67,30,2.1098
4,66,30,1.74893
5,65,30,1.88525
6,64,30,2.94725
7,63,30,1.71185
8,62,30,1.26949
9,61,30,1.59243
