Test Number,Compression Level,No. Tests,Accuracy

0,60,30,1.74596
1,59,30,1.09525
2,58,30,1.41948
3,57,30,1.11593
4,56,30,0.901602
5,55,30,0.531291
6,54,30,1.53748
7,53,30,1.26916
8,52,30,0.781119
9,51,30,0.438398
