Test Number,Compression Level,No. Tests,Accuracy

0,80,30,4.38134
1,79,30,5.14164
2,78,30,3.21056
3,77,30,3.24744
4,76,30,3.77955
5,75,30,0.886907
6,74,30,1.66385
7,73,30,2.95299
8,72,30,2.96818
9,71,30,2.29721
