Test Number,Compression Level,No. Tests,Accuracy

0,100,30,26.6149
1,99,30,10.8115
2,98,30,13.4213
3,97,30,14.4469
4,96,30,22.0873
5,95,30,15.6448
6,94,30,16.9096
7,93,30,23.4379
8,92,30,8.32256
9,91,30,8.67005
