Test Number,Compression Level,No. Tests,Accuracy
,,,
0,80,30,11.4744
1,79,30,6.71927
2,78,30,7.46151
3,77,30,6.15205
4,76,30,6.97159
5,75,30,5.23298
6,74,30,6.48624
7,73,30,6.43388
8,72,30,4.89438
9,71,30,3.43353
