Test Number,Compression Level,No. Tests,Accuracy
,,,
0,70,30,3.19548
1,69,30,1.85847
2,68,30,0.586921
3,67,30,2.3014
4,66,30,0.81774
5,65,30,0.689547
6,64,30,0.627451
7,63,30,0.383023
8,62,30,0.441661
9,61,30,0
